Object Name,Distance
FENGYUN 1C,2031.8115364023863
FENGYUN 1C DEB,3080.5666893091106
FENGYUN 1C DEB,4129.006362564546
FENGYUN 1C DEB,5177.976535691467
FENGYUN 1C DEB,6226.650636755721
FENGYUN 1C DEB,7274.924604837716
FENGYUN 1C DEB,8324.62511223189
FENGYUN 1C DEB,9373.49356601158
FENGYUN 1C DEB,10421.109999903447
